RESSF,RESMF,MOBILE
0.6695478554559536,0.2745041773534117,0.05293240051804261
